{
    "response": [{
		"id": 1,
		"title": "Demo Weblog",
		"description": "Weblog about technology and computer from my youtube channel",
		"link": "https://sanedevproj.web.app/",
		"img" : "assets/images/project1.webp",
		"button_name": "site"
	},{
		"id": 2,
		"title": "Timetables web",
		"description": "Learning vue js concept json fake rest api",
		"link": "https://cs63proj.web.app/",
		"img" : "assets/images/project2.webp",
		"button_name": "site"
	},{
		"id": 3,
		"title": "Window Form Application",
		"description": "Fruit Stock management, poit of sale C# .Net 4.7.2",
		"link": "https://github.com/lacakp/Project-Fruit-Shop",
		"img" : "assets/images/project3.webp",
		"button_name": "Repo."
	},{
		"id": 4,
		"title": "Fruit Classification",
		"description": "Learning Digital Image Processing Fruit classification using python Deep learning ResNet50 Transfer learning",
		"link": "https://github.com/lacakp/Project-Fruit-Image-Classification",
		"img" : "assets/images/project4.webp",
		"button_name": "Repo."
	},
	{
		"id": 5,
		"title": "Youtube",
		"description": "Youtube Channel abot basic coding Matlab, Python etc.",
		"link": "https://www.youtube.com/channel/UCGl7Rmg-RIAuxnBnBweJ9Ew",
		"img" : "assets/images/project5.webp",
		"button_name": "Youtube"
	}
	]       
}